Query,Response
How do I reset my password?,"To reset your password, go to the login page and click on 'Forgot Password.' Follow the instructions sent to your registered email."
Can I change my shipping address after placing an order?,"Yes, you can change your shipping address within one hour of placing your order. Go to 'My Orders,' select the order, and update the address."
What payment methods do you accept?,"We accept credit cards, debit cards, PayPal, and bank transfers. You can select your preferred method at checkout."
How do I track my order?,You can track your order from the 'My Orders' section in the app or via the tracking link in your confirmation email.
What is your return policy?,You can return most items within 30 days of receipt. Check the product page for specific return policies.
How do I cancel my order?,Orders can be canceled within one hour of purchase. Go to 'My Orders' and select the order you wish to cancel.
Can I update my payment method?,"Yes, you can update your payment method before your order is confirmed in the 'Payment' section of checkout."
How do I create an account?,"To create an account, click 'Sign Up' on the app's login page and fill in the required details."
Can I view my order history?,"Yes, you can view your order history under the 'My Orders' section in your account."
How do I change my email address?,"To change your email address, go to 'Account Settings' and update your email information."
How do I delete my account?,"To delete your account, please contact customer support, and they will assist you with account deletion."
Can I leave a review on a product?,"Yes, you can leave a review on any product you've purchased in the 'My Orders' section."
Is there a guest checkout option?,"Yes, we offer guest checkout for a quick purchase without creating an account."
How do I apply a discount code?,"To apply a discount code, enter the code during checkout in the 'Discount Code' box."
What are your shipping options?,"We offer standard, expedited, and next-day shipping options. You can choose at checkout."
Can I combine multiple discount codes?,"No, only one discount code can be applied per order."
How long does shipping take?,"Standard shipping usually takes 5-7 business days, while expedited shipping is 2-3 business days."
How can I contact customer support?,You can contact our customer support via the live chat option or by sending an email.
Do you offer free shipping?,"Yes, we offer free shipping on orders over $50."
What should I do if I received a damaged item?,"If you received a damaged item, contact customer support within 48 hours for assistance."
Can I return an item after 30 days?,"Unfortunately, we do not accept returns after 30 days from the date of receipt."
What happens if I'm not home for delivery?,"If you're not home, the delivery company will leave a note or attempt redelivery."
How do I redeem my gift card?,"At checkout, enter your gift card code in the 'Gift Card' box and click 'Apply' to use it towards your purchase."
Are there bulk purchase discounts?,"Yes, bulk purchase discounts may apply. Please contact customer support for details on bulk orders."
How can I see new arrivals?,You can find new arrivals in the 'New Arrivals' section on the home page of the app.
Do you have a loyalty program?,"Yes, we have a loyalty program that rewards you with points for every purchase. You can redeem points for discounts on future orders."
Can I set a password for my account?,You set your password during account registration and can change it at any time in your account settings.
What is the difference between standard and expedited shipping?,"Standard shipping is usually free and takes longer, while expedited shipping costs more and delivers faster."
How do I know if an item is eligible for return?,Check the product details on the item’s page. It will indicate if the item is returnable.
Can I leave a review without purchasing the product?,"No, only customers who have purchased the product can leave a review."
How can I get the best deals?,Check our 'Deals' section regularly and subscribe to our newsletter for exclusive promotions.
What if I encounter a technical issue with my account?,"For technical issues, please report them through the app's feedback feature or contact customer support for assistance."
Can I change my account password?,"Yes, you can change your password by going to 'Account Settings' and selecting 'Change Password.'"
Do you offer any warranties on your products?,Most products come with a warranty. Please check the product page for specific warranty information.
How do I contact a seller directly?,You can contact a seller directly through the product page by clicking on 'Contact Seller.'
Are there any hidden fees at checkout?,"No, there are no hidden fees at checkout. The total cost will be shown before you confirm your purchase."
Can I request a refund?,"Yes, you can request a refund by contacting customer support within the return window."
Do you have a mobile payment option?,"Yes, we offer mobile payment options like Apple Pay and Google Pay at checkout."
How do I manage my notification preferences?,Manage your notification preferences in the 'Settings' section under 'Notifications.'
What should I do if I receive a faulty product?,"If you receive a faulty product, contact customer support within 48 hours for a resolution."
How can I find my saved items?,"To find saved items, go to your account and check the 'Saved Items' section."
Can I purchase items on sale and still earn points?,"Yes, you can still earn loyalty points on sale items, but certain promotions may apply."
What should I do if I don’t receive my confirmation email?,"If you don't receive your confirmation email, check your spam folder or contact customer support."
Can I use a personal coupon on top of a sale?,"Most personal coupons cannot be combined with sale items, but check the terms of each coupon."
Do you have an affiliate program?,"Yes, we offer an affiliate program where you can earn commissions for referring customers."
How do I report inappropriate content on your app?,You can report inappropriate content by clicking the 'Report' button next to the content.
Can I see product reviews before purchasing?,"Yes, customer reviews are visible on each product page. They provide insights from other buyers."
How do I find my order tracking link?,You can find your order tracking link in your order confirmation email or under 'My Orders.'
Can I gift wrap multiple items in one order?,"To gift wrap items, select the 'Gift Wrap' option during checkout for each item."
What do I do if I accidentally placed a duplicate order?,"If you accidentally placed a duplicate order, contact customer support immediately for assistance."
Are there any restrictions on shipping to certain countries?,Shipping restrictions may apply to certain countries. Check our shipping policy for more details.
How do I unsubscribe from your newsletter?,"To unsubscribe from the newsletter, click the 'Unsubscribe' link at the bottom of any email."
What do I do if I encounter a payment error?,"If you encounter a payment error, double-check your payment details or contact your bank for assistance."
How long does it take to process a return?,Returns are typically processed within 7-10 business days after we receive the item.
Can I exchange a product?,"Yes, you can exchange products within the return window. Contact customer support for guidance."
How can I access my account settings?,You can access your account settings by clicking on your profile icon in the app.
Can I save my payment information for future orders?,"Yes, you can save your payment information for future orders in the 'Payment Settings' section."
Do you have a price match guarantee?,"Yes, we offer a price match guarantee if you find a lower price on an identical item."
How can I find out about upcoming sales?,"Upcoming sales are announced via our newsletter, so subscribe to stay informed."
Can I change my shipping method after placing an order?,"You cannot change your shipping method after placing an order, but you can contact customer support for assistance."
What do I do if my credit card is charged but my order is not confirmed?,"If your credit card is charged but the order is not confirmed, please contact customer support for resolution."
How do I check if my order was successful?,You can check your order status by going to 'My Orders' in the app.
Do you offer seasonal discounts?,"Yes, we offer seasonal discounts during major holidays and events."
How do I view my loyalty points balance?,You can view your loyalty points balance in the 'Loyalty Program' section of your account.
Can I share my account with someone else?,"It's against our policy to share accounts, but you can invite others to create their own accounts."
What should I do if I can’t log in to my account?,"If you can't log in, use the 'Forgot Password' link to reset your password."
Are there any fees for using PayPal?,"We do not charge any fees for using PayPal, but check with PayPal for any applicable fees."
How can I ensure my payment information is secure?,Your payment information is secure with industry-standard encryption. We do not store your payment details.
Can I pre-order items that are not yet available?,"Yes, you can pre-order items not yet available. The expected release date will be shown on the product page."
How do I change my account privacy settings?,"To change your privacy settings, go to 'Account Settings' and select 'Privacy Settings.'"
What if my gift card balance is not showing?,"If your gift card balance is not showing, check with customer support to resolve the issue."
Do you offer a price drop alert?,"Yes, you can sign up for price drop alerts on product pages to be notified of any price changes."
How do I clear my app cache?,"To clear the app cache, go to your device settings, find the ShopEasy app, and select 'Clear Cache.'"
Can you describe the app's functionalities?,"
Welcome to ShopEasy - an e-commerce app that simplifies online shopping. ShopEasy allows you to browse a wide variety of products, securely purchase items, and manage your orders effortlessly. Below is a step-by-step guide on how to use the app:

Step 1: Registration
- Open the ShopEasy app.
- Click on 'Sign Up' to create an account.
- Enter your email, create a password, and submit the form.
- Verify your email to complete the registration process.

Step 2: Browsing Products
- Use the search bar or browse by categories to explore products.
- You can filter products by price, rating, and other attributes.
- To see details, click on any product to open the product page.

Step 3: Adding Items to Cart
- On the product page, click 'Add to Cart' to add the product.
- You can review your cart at any time by clicking on the cart icon.

Step 4: Checkout and Payment
- Once you're ready to purchase, go to your cart and click 'Checkout.'
- Enter your shipping information and choose a payment method (credit card, PayPal, etc.).
- Review your order and click 'Place Order' to complete the purchase.

Step 5: Order Tracking and Returns
- After placing an order, you can track its status in the 'My Orders' section.
- If you need to return an item, go to 'My Orders,' select the order, and follow the instructions to initiate a return.

Step 6: Customer Support
- If you encounter any issues, ShopEasy's customer support is available via live chat or email.
"
